{
  "validate1": {
    "qsc": {
      "mae": 1.0062612335837831e-10,
      "rmse": 1.2793965830000142e-10,
      "r2": 0.9500357507523911,
      "r2_log10": 0.9652161688863921,
      "mape": 12.350193511651128,
      "mae_log10": 0.04963597716130445
    },
    "invc": {
      "mae": 15113407621.285444,
      "rmse": 19204007447.06446,
      "r2": 0.9682063533038993,
      "r2_log10": 0.97258159797116,
      "mape": 3.109300250200911,
      "mae_log10": 0.013535812292430473
    },
    "foms_direct": {
      "mae": 0.0055875771276891004,
      "rmse": 0.00637031837187729,
      "r2": 0.8402476918773267,
      "r2_log10": 0.8719916149587302,
      "mape": 30.516359585513193,
      "mae_log10": 0.11444521945931144
    },
    "foms_phys": {
      "mae": 0.00592107724835725,
      "rmse": 0.007838845260154687,
      "r2": 0.7581037982903353,
      "r2_log10": 0.8962275829840155,
      "mape": 27.599594539926457,
      "mae_log10": 0.1017861067800888
    },
    "consistency": {
      "mae": 0.006060387979718957,
      "pearson_r": 0.9770344238547953,
      "spearman_r": 0.9208791208791209
    }
  },
  "validate2": {
    "qsc": {
      "mae": 9.423793118330024e-11,
      "rmse": 1.1402503341908218e-10,
      "r2": 0.9547847102979587,
      "r2_log10": 0.9090522474221565,
      "mape": 10.324976334467413,
      "mae_log10": 0.04067434685417989
    },
    "invc": {
      "mae": 5665661085.936759,
      "rmse": 7415832020.255295,
      "r2": 0.988859305851627,
      "r2_log10": 0.9908471802593762,
      "mape": 2.545656448689106,
      "mae_log10": 0.011045567266275416
    },
    "foms_direct": {
      "mae": 0.0014425888989576076,
      "rmse": 0.0016058333445821507,
      "r2": 0.9617917827496131,
      "r2_log10": 0.9537933499508804,
      "mape": 7.047489473518949,
      "mae_log10": 0.029548183492278644
    },
    "foms_phys": {
      "mae": 0.004007980047939992,
      "rmse": 0.005193582491476733,
      "r2": 0.6003407221347394,
      "r2_log10": 0.5517838485085886,
      "mape": 23.284815466415516,
      "mae_log10": 0.08259440471141064
    },
    "consistency": {
      "mae": 0.004143428591010628,
      "pearson_r": 0.9664843767613895,
      "spearman_r": 0.8857142857142857
    }
  },
  "validate3": {
    "qsc": {
      "mae": 8.326723999042293e-11,
      "rmse": 9.503280730169137e-11,
      "r2": 0.9792108366088791,
      "r2_log10": 0.9802045193853932,
      "mape": 4.85165411531492,
      "mae_log10": 0.0206723901262162
    },
    "invc": {
      "mae": 13377815034.130642,
      "rmse": 17737886775.271553,
      "r2": 0.9670843854173278,
      "r2_log10": 0.9752271737244941,
      "mape": 7.146244724634395,
      "mae_log10": 0.03263117369790483
    },
    "foms_direct": {
      "mae": 0.0032044322692654503,
      "rmse": 0.004501140782069515,
      "r2": 0.9214812554188239,
      "r2_log10": 0.9653062248906931,
      "mape": 9.373008389857894,
      "mae_log10": 0.043292660178544766
    },
    "foms_phys": {
      "mae": 0.0026522391006063547,
      "rmse": 0.003460036978053706,
      "r2": 0.9536030284014596,
      "r2_log10": 0.9608574652370898,
      "mape": 10.722989441376244,
      "mae_log10": 0.045867169133892875
    },
    "consistency": {
      "mae": 0.002221188012211564,
      "pearson_r": 0.9886128554421998,
      "spearman_r": 0.9428571428571427
    }
  },
  "per_n_breakdown": {
    "validate1": {
      "3": {
        "qsc_rel_error_%": 1.2137321053016432,
        "invc_rel_error_%": 6.454331652109032,
        "foms_direct_rel_error_%": 17.92078623009289,
        "foms_phys_rel_error_%": 4.169762642817956
      },
      "5": {
        "qsc_rel_error_%": 0.8989930590656345,
        "invc_rel_error_%": 4.388841934412855,
        "foms_direct_rel_error_%": 19.916701392532982,
        "foms_phys_rel_error_%": 2.6620408625034324
      },
      "6": {
        "qsc_rel_error_%": 2.7392543033646155,
        "invc_rel_error_%": 4.0243294585082605,
        "foms_direct_rel_error_%": 17.643532357912527,
        "foms_phys_rel_error_%": 1.3057222800698858
      },
      "7": {
        "qsc_rel_error_%": 5.7253721220400715,
        "invc_rel_error_%": 3.7424020057861247,
        "foms_direct_rel_error_%": 13.659814057010507,
        "foms_phys_rel_error_%": 7.595340362325902
      },
      "9": {
        "qsc_rel_error_%": 13.320889105881262,
        "invc_rel_error_%": 2.410045200679187,
        "foms_direct_rel_error_%": 3.6406923353221563,
        "foms_phys_rel_error_%": 25.321343645391636
      },
      "10": {
        "qsc_rel_error_%": 17.290249234033066,
        "invc_rel_error_%": 1.9931642449553568,
        "foms_direct_rel_error_%": 1.908685013752572,
        "foms_phys_rel_error_%": 34.82802782772909
      },
      "12": {
        "qsc_rel_error_%": 25.060059795711787,
        "invc_rel_error_%": 0.9403724526555591,
        "foms_direct_rel_error_%": 13.484277448964535,
        "foms_phys_rel_error_%": 54.92944335382837
      },
      "14": {
        "qsc_rel_error_%": 24.191501957553292,
        "invc_rel_error_%": 0.6832508616026735,
        "foms_direct_rel_error_%": 24.5929907393837,
        "foms_phys_rel_error_%": 55.289102084597005
      },
      "18": {
        "qsc_rel_error_%": 17.792276156340865,
        "invc_rel_error_%": 3.3157234484532485,
        "foms_direct_rel_error_%": 44.269247694057164,
        "foms_phys_rel_error_%": 43.350777590021245
      },
      "20": {
        "qsc_rel_error_%": 14.995141388951291,
        "invc_rel_error_%": 4.694314605367386,
        "foms_direct_rel_error_%": 53.13629488659532,
        "foms_phys_rel_error_%": 38.44652939413705
      },
      "24": {
        "qsc_rel_error_%": 11.207502706859866,
        "invc_rel_error_%": 6.75095066101587,
        "foms_direct_rel_error_%": 56.49167419946337,
        "foms_phys_rel_error_%": 32.02006176079712
      },
      "36": {
        "qsc_rel_error_%": 12.292846730872116,
        "invc_rel_error_%": 2.5780457663173983,
        "foms_direct_rel_error_%": 52.59591574872513,
        "foms_phys_rel_error_%": 29.347675041721537
      },
      "40": {
        "qsc_rel_error_%": 12.118468858358035,
        "invc_rel_error_%": 1.3121676141436178,
        "foms_direct_rel_error_%": 52.080179132729434,
        "foms_phys_rel_error_%": 27.35497524468945
      },
      "48": {
        "qsc_rel_error_%": 14.056421638782247,
        "invc_rel_error_%": 0.24226359680618453,
        "foms_direct_rel_error_%": 55.888242960642465,
        "foms_phys_rel_error_%": 29.773521468340697
      }
    },
    "validate2": {
      "3": {
        "qsc_rel_error_%": 1.271928085840669,
        "invc_rel_error_%": 5.102140279327051,
        "foms_direct_rel_error_%": 8.415815680099557,
        "foms_phys_rel_error_%": 2.6727191019772354
      },
      "5": {
        "qsc_rel_error_%": 1.969828568317938,
        "invc_rel_error_%": 2.8545888814245477,
        "foms_direct_rel_error_%": 5.368922837234856,
        "foms_phys_rel_error_%": 1.010300050585254
      },
      "6": {
        "qsc_rel_error_%": 1.4809369895703155,
        "invc_rel_error_%": 2.6690887473821117,
        "foms_direct_rel_error_%": 5.572475034835995,
        "foms_phys_rel_error_%": 0.2350802426126471
      },
      "7": {
        "qsc_rel_error_%": 1.4854374791354115,
        "invc_rel_error_%": 2.5954386238181977,
        "foms_direct_rel_error_%": 5.138848285708931,
        "foms_phys_rel_error_%": 0.31982315379478615
      },
      "9": {
        "qsc_rel_error_%": 1.477054802879822,
        "invc_rel_error_%": 1.6465844216096976,
        "foms_direct_rel_error_%": 4.340655097006481,
        "foms_phys_rel_error_%": 1.2803392352477605
      },
      "10": {
        "qsc_rel_error_%": 2.3301137991436742,
        "invc_rel_error_%": 0.11902307042934827,
        "foms_direct_rel_error_%": 3.8687662338765874,
        "foms_phys_rel_error_%": 4.589889673410301
      },
      "12": {
        "qsc_rel_error_%": 4.258125980184082,
        "invc_rel_error_%": 1.791233147769506,