Output Head,Train R²_log10,Val R²_log10,Val MAE_log10,Val MAPE(%)
Qsc_MACRS,0.9907±0.0016,0.9863±0.0041,0.087±0.005,28.5±10.2
invC_sum,0.9953±0.0024,0.9948±0.0026,0.028±0.006,6.4±1.3
FOMS_direct,0.9826±0.0069,0.9754±0.0108,0.192±0.047,379.7±564.2
FOMS_phys,0.9860±0.0023,0.9798±0.0063,0.171±0.011,398.4±621.4
Consistency,—,—,0.002744±0.000300,Pearson=0.9519±0.0164
