{
  "n_points": 43,
  "qsc": {
    "mae": 9.249082240557776e-11,
    "rmse": 1.127512407733122e-10,
    "r2": 0.9750484329710755,
    "r2_log10": 0.9682319160869882,
    "mape": 9.075050920357754,
    "mae_log10": 0.0366146601886052
  },
  "invc": {
    "mae": 11431957846.815592,
    "rmse": 15739542811.907978,
    "r2": 0.9892294534297986,
    "r2_log10": 0.9893911370299392,
    "mape": 4.3340247593947945,
    "mae_log10": 0.019386207425359417
  },
  "foms_direct": {
    "mae": 0.003406716474698504,
    "rmse": 0.004595597543340167,
    "r2": 0.8918534297093197,
    "r2_log10": 0.9139147878485161,
    "mape": 15.499744480798103,
    "mae_log10": 0.06198366381396356
  },
  "foms_phys": {
    "mae": 0.00415791601528504,
    "rmse": 0.005741462733688614,
    "r2": 0.8311994433988968,
    "r2_log10": 0.8760936170959324,
    "mape": 20.307594923475143,
    "mae_log10": 0.07603103948579966
  },
  "consistency": {
    "mae": 0.004097005864497388,
    "pearson_r": 0.9656766389781469,
    "spearman_r": 0.9673814557535488
  }
}