{
  "validate1": {
    "XGB (independent ×3)": {
      "qsc": {
        "mae": 2.5792048938262743e-10,
        "rmse": 2.811259750715338e-10,
        "r2": 0.7587590984714377,
        "r2_log10": 0.6435088066934831,
        "mape": 45.059023947286185,
        "mae_log10": 0.14662376958509768
      },
      "invc": {
        "mae": 45298720655.023636,
        "rmse": 63248256637.23334,
        "r2": 0.6551313389836155,
        "r2_log10": 0.778798409537768,
        "mape": 8.946107498491775,
        "mae_log10": 0.03634248952739976
      },
      "foms_direct": {
        "mae": 0.008527511455249593,
        "rmse": 0.009688881143915886,
        "r2": 0.6304509223050655,
        "r2_log10": 0.387739323528839,
        "mape": 81.56155511243253,
        "mae_log10": 0.2065291627607714
      },
      "foms_phys": {
        "mae": 0.02109736430863949,
        "rmse": 0.023436499239418623,
        "r2": -1.1622721140217531,
        "r2_log10": -0.14398803128286564,
        "mape": 144.85178880681846,
        "mae_log10": 0.3295900216313449
      },
      "consistency": {
        "mae": 0.01416366638490488,
        "pearson_r": 0.9120783708558251,
        "spearman_r": 0.9192010601829415
      }
    },
    "MLP (no consistency)": {
      "qsc": {
        "mae": 4.6208736128352574e-10,
        "rmse": 5.170508982523926e-10,
        "r2": 0.18395222099534325,
        "r2_log10": 0.6645149234032881,
        "mape": 49.98459533363199,
        "mae_log10": 0.17477139891423413
      },
      "invc": {
        "mae": 105317456862.69064,
        "rmse": 112069912387.74057,
        "r2": -0.08276616773106782,
        "r2_log10": -1.1282380931367668,
        "mape": 24.610529918550743,
        "mae_log10": 0.12692955070348752
      },
      "foms_direct": {
        "mae": 0.0048497458083357125,
        "rmse": 0.005753819930998913,
        "r2": 0.8696720996471987,
        "r2_log10": 0.9072730499715856,
        "mape": 24.265438475228777,
        "mae_log10": 0.0939318618856995
      },
      "foms_phys": {
        "mae": 0.019785694449624486,
        "rmse": 0.025007578228251594,
        "r2": -1.461887130807765,
        "r2_log10": 0.5874711433618305,
        "mape": 69.60458710626393,
        "mae_log10": 0.22261325583940914
      },
      "consistency": {
        "mae": 0.016780806593407343,
        "pearson_r": 0.9257451415662995,
        "spearman_r": 0.9164835164835166
      }
    },
    "MLP (+ consistency)": {
      "qsc": {
        "mae": 4.4789261074980416e-10,
        "rmse": 4.812893003231867e-10,
        "r2": 0.29293163486968443,
        "r2_log10": 0.6263688089133268,
        "mape": 52.93913875535209,
        "mae_log10": 0.18218505869119422
      },
      "invc": {
        "mae": 102428127930.11922,
        "rmse": 108578582654.29517,
        "r2": -0.01635387872801508,
        "r2_log10": -1.1189580169594864,
        "mape": 24.17727800477694,
        "mae_log10": 0.12487227084421715
      },
      "foms_direct": {
        "mae": 0.004658214215692193,
        "rmse": 0.0059332401900769145,
        "r2": 0.861417393387808,
        "r2_log10": 0.8865795328422478,
        "mape": 25.723091247455375,
        "mae_log10": 0.09081513110995684
      },
      "foms_phys": {
        "mae": 0.01903588819706925,
        "rmse": 0.022909804879563088,
        "r2": -1.0661775898005987,
        "r2_log10": 0.5417861635516534,
        "mape": 75.43438323680954,
        "mae_log10": 0.2394978500594667
      },
      "consistency": {
        "mae": 0.015696213214175896,
        "pearson_r": 0.8984776467926028,
        "spearman_r": 0.8769230769230769
      }
    }
  },
  "validate2": {
    "XGB (independent ×3)": {
      "qsc": {
        "mae": 5.549742453633087e-10,
        "rmse": 5.651339103087243e-10,
        "r2": -0.11067663640845438,
        "r2_log10": 0.092675939898617,
        "mape": 48.587121555274365,
        "mae_log10": 0.16422414881689612
      },
      "invc": {
        "mae": 19395611826.479042,
        "rmse": 21889494192.466152,
        "r2": 0.9029347144677384,
        "r2_log10": 0.8665910990715058,
        "mape": 9.765792864864249,
        "mae_log10": 0.0441801351485844
      },
      "foms_direct": {
        "mae": 0.010161143025117055,
        "rmse": 0.01159708448996764,
        "r2": -0.9927530091579604,
        "r2_log10": -0.4876778116336522,
        "mape": 55.110118620888585,
        "mae_log10": 0.16945376372232665
      },
      "foms_phys": {
        "mae": 0.02359695180227686,
        "rmse": 0.025145119468269878,
        "r2": -8.368352812599191,
        "r2_log10": -2.664067811586271,
        "mape": 113.43954858652165,
        "mae_log10": 0.3023368161855614
      },
      "consistency": {
        "mae": 0.013435808777159802,
        "pearson_r": 0.6264994302151102,
        "spearman_r": 0.5609829999645892
      }
    },
    "MLP (no consistency)": {
      "qsc": {
        "mae": 8.322325922929234e-11,
        "rmse": 1.1846835916707117e-10,
        "r2": 0.9511921532806648,
        "r2_log10": 0.9693449435925512,
        "mape": 5.806225772643968,
        "mae_log10": 0.02585093035307473
      },
      "invc": {
        "mae": 28980341921.70274,
        "rmse": 37341787520.4036,
        "r2": 0.7175232611820499,
        "r2_log10": 0.2847709556736998,
        "mape": 16.591781876963026,
        "mae_log10": 0.08517380113813847
      },
      "foms_direct": {
        "mae": 0.010189717340150256,
        "rmse": 0.011021555508499703,
        "r2": -0.7998719787343758,
        "r2_log10": -0.4424998220150407,
        "mape": 37.03284022920585,
        "mae_log10": 0.2041658523093201
      },
      "foms_phys": {
        "mae": 0.005120667294715255,
        "rmse": 0.006042607162570333,
        "r2": 0.4589909208059423,
        "r2_log10": 0.3197743310260006,
        "mape": 22.15907437174716,
        "mae_log10": 0.11681487858252629
      },
      "consistency": {
        "mae": 0.006081850084017147,
        "pearson_r": 0.8821417279164093,
        "spearman_r": 0.7142857142857143
      }
    },
    "MLP (+ consistency)": {
      "qsc": {
        "mae": 5.90696183083194e-11,
        "rmse": 7.47964509452476e-11,
        "r2": 0.9805442989696901,
        "r2_log10": 0.9646396511487455,
        "mape": 5.571009436488463,
        "mae_log10": 0.023238499296806787
      },
      "invc": {
        "mae": 31769072521.2496,
        "rmse": 39565666345.88758,
        "r2": 0.6828757505098413,
        "r2_log10": 0.2758888196992739,
        "mape": 17.463245612045554,
        "mae_log10": 0.08912119231028193
      },
      "foms_direct": {
        "mae": 0.010611823464610953,
        "rmse": 0.01186483657432582,
        "r2": -1.0858321274832448,
        "r2_log10": -0.6221056781259398,
        "mape": 36.95206298411905,
        "mae_log10": 0.20827973083192056
      },
      "foms_phys": {
        "mae": 0.0037188545948046155,
        "rmse": 0.00492397735149908,
        "r2": 0.6407573225558151,
        "r2_log10": 0.5145470300304338,
        "mape": 16.656292418537657,
        "mae_log10": 0.08700526374479763
      },
      "consistency": {
        "mae": 0.008055073589179675,
        "pearson_r": 0.8931718410071708,
        "spearman_r": 0.8373626373626375
      }
    }
  },
  "validate3": {
    "XGB (independent ×3)": {
      "qsc": {
        "mae": 3.1496532210040367e-10,
        "rmse": 3.453476279407776e-10,
        "r2": 0.7254617569965579,
        "r2_log10": 0.6968996397998657,
        "mape": 20.479833367932635,
        "mae_log10": 0.07758229120282595
      },
      "invc": {
        "mae": 34103098018.767876,
        "rmse": 47122060794.68628,
        "r2": 0.7677013092166972,
        "r2_log10": 0.9086988334763316,
        "mape": 16.848428954962344,
        "mae_log10": 0.0683809374062875
      },
      "foms_direct": {
        "mae": 0.004785693557655203,
        "rmse": 0.00584123620213574,
        "r2": 0.8677676578669258,
        "r2_log10": 0.8887259220832948,
        "mape": 19.743361501899876,